id,title,url,domain,permalink,subreddit,score,num_comments,gilded,created,author_flair_text,author,is_self,over_18
4nympe,"GAME THREAD: Cleveland Cavaliers (1-3) @ Golden State Warriors (3-1) - (Jun. 13, 2016)",https://www.reddit.com/r/nba/comments/4nympe/game_thread_cleveland_cavaliers_13_golden_state/,self.nba,https://www.reddit.com/r/nba/comments/4nympe/game_thread_cleveland_cavaliers_13_golden_state/?ref=search_posts,nba,615,11655,0,1465891187.0,[SAS] Danny Green,myellabella,True,False
4nz91q,"GAME THREAD: Cleveland Cavaliers (1-3) @ Golden State Warriors (3-1) - (Jun. 13, 2016) - Second Half",https://www.reddit.com/r/nba/comments/4nz91q/game_thread_cleveland_cavaliers_13_golden_state/,self.nba,https://www.reddit.com/r/nba/comments/4nz91q/game_thread_cleveland_cavaliers_13_golden_state/?ref=search_posts,nba,665,14844,0,1465900003.0,The Truth,FeversMirrors,True,False
4nzlnk,[Post Game Thread] The Cleveland Cavaliers (2-3) defeat the Golden State Warriors (3-2) 112-97,https://www.reddit.com/r/nba/comments/4nzlnk/post_game_thread_the_cleveland_cavaliers_23/,self.nba,https://www.reddit.com/r/nba/comments/4nzlnk/post_game_thread_the_cleveland_cavaliers_23/?ref=search_posts,nba,2982,4413,0,1465905061.0,[LAC] Chris Paul,LobItUp,True,False
4nz5cg,Curry's Layup Gets SWATTED By LeBron,https://streamable.com/6ubn,streamable.com,https://www.reddit.com/r/nba/comments/4nz5cg/currys_layup_gets_swatted_by_lebron/?ref=search_posts,nba,3247,507,0,1465898539.0,Warriors,arshiaball,False,False
4nzl53,"Lebron James just had the first game in finals history of 40+ points, 15+ rebounds and 7+ assists.",https://www.reddit.com/r/nba/comments/4nzl53/lebron_james_just_had_the_first_game_in_finals/,self.nba,https://www.reddit.com/r/nba/comments/4nzl53/lebron_james_just_had_the_first_game_in_finals/?ref=search_posts,nba,2895,1071,0,1465904843.0,Magic,mickeyquicknumbers,True,False
4nz6w7,Klay With A DEEP 3,https://streamable.com/twik,streamable.com,https://www.reddit.com/r/nba/comments/4nz6w7/klay_with_a_deep_3/?ref=search_posts,nba,310,40,0,1465899173.0,Warriors,arshiaball,False,False
4nznno,Did LeBron have one of the greatest Finals performances in G5?,https://www.reddit.com/r/nba/comments/4nznno/did_lebron_have_one_of_the_greatest_finals/,self.nba,https://www.reddit.com/r/nba/comments/4nznno/did_lebron_have_one_of_the_greatest_finals/?ref=search_posts,nba,200,184,0,1465905940.0,Spurs,Rommul,True,False
4nzchx,Bogut with the bad left knee injury,https://streamable.com/d2re,streamable.com,https://www.reddit.com/r/nba/comments/4nzchx/bogut_with_the_bad_left_knee_injury/?ref=search_posts,nba,713,328,0,1465901275.0,Magic,johnkphotos,False,True
4nzkhu,Two members of the same team have never scored 40+ in a finals game. Two members of either team haven't scored 40+ in a finals game since 2001 (Shaq & AI),https://www.reddit.com/r/nba/comments/4nzkhu/two_members_of_the_same_team_have_never_scored_40/,self.nba,https://www.reddit.com/r/nba/comments/4nzkhu/two_members_of_the_same_team_have_never_scored_40/?ref=search_posts,nba,1260,268,0,1465904569.0,[BOS] Walter McCarty,iDubbbb,True,False
4nz86c,LeBron with the vicious and-1 slam,https://streamable.com/pgo5,streamable.com,https://www.reddit.com/r/nba/comments/4nz86c/lebron_with_the_vicious_and1_slam/?ref=search_posts,nba,1007,97,0,1465899678.0,Magic,johnkphotos,False,False
4nzt8y,Klay Thompson: “Kyrie was great tonight. Had my number.”,https://twitter.com/jadande/status/742579351837802497,twitter.com,https://www.reddit.com/r/nba/comments/4nzt8y/klay_thompson_kyrie_was_great_tonight_had_my/?ref=search_posts,nba,641,262,0,1465908545.0,Nuggets,PotRoastBoobs,False,False
4nzmas,Golden State scores only one point in the last 6 minutes of the game,https://www.reddit.com/r/nba/comments/4nzmas/golden_state_scores_only_one_point_in_the_last_6/,self.nba,https://www.reddit.com/r/nba/comments/4nzmas/golden_state_scores_only_one_point_in_the_last_6/?ref=search_posts,nba,650,182,0,1465905354.0,Rockets,patagman,True,False
4nzpr6,[12:21 EST] Warriors locker room extremely quiet. Curry still sitting at locker in uniform alone and in thought.,https://twitter.com/ROSGO21/status/742570989142188036,twitter.com,https://www.reddit.com/r/nba/comments/4nzpr6/1221_est_warriors_locker_room_extremely_quiet/?ref=search_posts,nba,176,212,0,1465906914.0,Celtics,jcarmona24,False,False
4nzia4,"Eric Bledsoe on Twitter: ""Varejo stay trying to get someone ejected #comeonbro""",https://twitter.com/EBled2/status/742557844319309826,twitter.com,https://www.reddit.com/r/nba/comments/4nzia4/eric_bledsoe_on_twitter_varejo_stay_trying_to_get/?ref=search_posts,nba,1163,333,0,1465903632.0,Suns,ChrisAZ480,False,False
4nyaar,"Antonio Davis calls out LBJ for being soft: ""Even I want to call him that [bit**] too, stop complaining about not getting calls. Just run somebody over force them to make a call, if not then you are b..""",http://espn.go.com/espnradio/play?id=16181603,espn.go.com,https://www.reddit.com/r/nba/comments/4nyaar/antonio_davis_calls_out_lbj_for_being_soft_even_i/?ref=search_posts,nba,718,326,0,1465886431.0,Bucks,vindura,False,False
4nxl1y,"[Goodman] Jamal Murray hit 79 of 100 3’s in Boston last week. Buddy Hield, per source, hit 85 of 100 in front of Celtics brass today in California.",https://twitter.com/GoodmanESPN/status/742442243852734465,twitter.com,https://www.reddit.com/r/nba/comments/4nxl1y/goodman_jamal_murray_hit_79_of_100_3s_in_boston/?ref=search_posts,nba,411,256,0,1465877779.0,Thunder,TotallyNotJackinIt,False,False
4nzlp8,Harrison Barnes goes 2-14 from the field.,https://www.reddit.com/r/nba/comments/4nzlp8/harrison_barnes_goes_214_from_the_field/,self.nba,https://www.reddit.com/r/nba/comments/4nzlp8/harrison_barnes_goes_214_from_the_field/?ref=search_posts,nba,878,433,0,1465905082.0,[NYK] Chris Copeland,bootum,True,False
4nzk1w,Kyrie Irving hitting some big shots in the 4th quarter.,https://streamable.com/g4hg,streamable.com,https://www.reddit.com/r/nba/comments/4nzk1w/kyrie_irving_hitting_some_big_shots_in_the_4th/?ref=search_posts,nba,351,37,0,1465904377.0,Kings,ThisIsMyFavoriteSub,False,False
4nzpqe,LeBron's Game Score tonight (38.3) is the third highest in a Finals Game of all time. Behind 03 Duncan (40.8) and 93 Jordan (38.9),https://www.reddit.com/r/nba/comments/4nzpqe/lebrons_game_score_tonight_383_is_the_third/,self.nba,https://www.reddit.com/r/nba/comments/4nzpqe/lebrons_game_score_tonight_383_is_the_third/?ref=search_posts,nba,258,79,0,1465906904.0,[CLE] LeBron James,qule,True,False
4nxqdv,"[Ford] Kris Dunn refusing to do 1-on-none workouts with teams. Will only workout for teams if it's against Ben Simmons, Brandon Ingram or Jamal Murray source says",https://twitter.com/chadfordinsider/status/742456244804292608,twitter.com,https://www.reddit.com/r/nba/comments/4nxqdv/ford_kris_dunn_refusing_to_do_1onnone_workouts/?ref=search_posts,nba,696,241,0,1465879510.0,Kings,ccupgirl,False,False
4nycag,[Haynes] Raptors G DeMar DeRozan has officially opted out and is a free agent,https://twitter.com/ChrisBHaynes/status/742489382662213632,twitter.com,https://www.reddit.com/r/nba/comments/4nycag/haynes_raptors_g_demar_derozan_has_officially/?ref=search_posts,nba,1910,477,0,1465887163.0,Knicks,noahsbun,False,False
4nz8gl,LeBron James had 25 points and 9 rebounds in the first half of Game 5,https://www.reddit.com/r/nba/comments/4nz8gl/lebron_james_had_25_points_and_9_rebounds_in_the/,self.nba,https://www.reddit.com/r/nba/comments/4nz8gl/lebron_james_had_25_points_and_9_rebounds_in_the/?ref=search_posts,nba,266,94,0,1465899791.0,[OKC] Steven Adams,legendariusss,True,False
4nznw7,Reminder: Draymond will get suspended for a potential game 7 if he gets another flagrant,https://www.reddit.com/r/nba/comments/4nznw7/reminder_draymond_will_get_suspended_for_a/,self.nba,https://www.reddit.com/r/nba/comments/4nznw7/reminder_draymond_will_get_suspended_for_a/?ref=search_posts,nba,439,392,0,1465906051.0,Spurs,33bour,True,False
4nzkns,LeBron draws the foul and hits the shot for his 40th point of the game.,https://streamable.com/behz,streamable.com,https://www.reddit.com/r/nba/comments/4nzkns/lebron_draws_the_foul_and_hits_the_shot_for_his/?ref=search_posts,nba,466,255,0,1465904636.0,Kings,ThisIsMyFavoriteSub,False,False
4nzlnl,"[Windhorst] LeBron James has won a road game in 26 consecutive series, extending his NBA record",https://twitter.com/WindhorstESPN/status/742564842091876353,twitter.com,https://www.reddit.com/r/nba/comments/4nzlnl/windhorst_lebron_james_has_won_a_road_game_in_26/?ref=search_posts,nba,539,77,0,1465905061.0,[NJN] Vince Carter,VinceBarter,False,False
4nzcwa,"LeBron with another chase down block, on Iguodala",https://streamable.com/r5yt,streamable.com,https://www.reddit.com/r/nba/comments/4nzcwa/lebron_with_another_chase_down_block_on_iguodala/?ref=search_posts,nba,768,131,0,1465901449.0,Magic,johnkphotos,False,False
4nzmb9,"Chris Haynes on Twitter: ""Fans leaving the arena chanting, ""LeBron's a b----, LeBron's a b----.""""",https://twitter.com/ChrisBHaynes/status/742565666046148608,twitter.com,https://www.reddit.com/r/nba/comments/4nzmb9/chris_haynes_on_twitter_fans_leaving_the_arena/?ref=search_posts,nba,780,997,0,1465905360.0,Cavaliers,CherubCutestory,False,False
4nzk0m,"Most games with 20 points Postseason History LeBron James: 174, Michael Jordan: 173",https://twitter.com/espnstatsinfo/status/742559975399100416,twitter.com,https://www.reddit.com/r/nba/comments/4nzk0m/most_games_with_20_points_postseason_history/?ref=search_posts,nba,425,190,0,1465904362.0,Lakers,rotcebswish,False,False
4nzlkx,"LeBron and Kyrie in Game 5: 33/54 FG (61.1%), 82 PTS, 19 REB, 13 AST, 5 STL, 4 BLK",https://www.reddit.com/r/nba/comments/4nzlkx/lebron_and_kyrie_in_game_5_3354_fg_611_82_pts_19/,self.nba,https://www.reddit.com/r/nba/comments/4nzlkx/lebron_and_kyrie_in_game_5_3354_fg_611_82_pts_19/?ref=search_posts,nba,889,276,0,1465905026.0,,355wins,True,False
4nymm3,[Stein] Story going online now with @chadfordinsider: Wolves making No. 5 overall pick available in hopes of tempting Bulls into Jimmy Butler trade,https://twitter.com/ESPNSteinLine/status/742506468868395008,twitter.com,https://www.reddit.com/r/nba/comments/4nymm3/stein_story_going_online_now_with_chadfordinsider/?ref=search_posts,nba,778,619,0,1465891146.0,[NYK] Kristaps Porzingis,trreeey,False,False
4nz4zy,Livingston comes in with the fierce throwdown on Jefferson,https://streamable.com/d95b,streamable.com,https://www.reddit.com/r/nba/comments/4nz4zy/livingston_comes_in_with_the_fierce_throwdown_on/?ref=search_posts,nba,2034,151,0,1465898392.0,Thunder,Splash2ndcousin,False,False
4nz54r,"NBA’s Kevin Durant, LeBron James, Chris Paul, others praise WNBA in new ad",http://nba.nbcsports.com/2016/06/13/nbas-kevin-durant-lebron-james-chris-paul-others-praise-wnba-in-new-ad/,nba.nbcsports.com,https://www.reddit.com/r/nba/comments/4nz54r/nbas_kevin_durant_lebron_james_chris_paul_others/?ref=search_posts,nba,31,26,0,1465898458.0,Lakers,red1dragon588,False,False
4nzma3,[Haberstroh] LeBron James and Kyrie Irving scored or assisted the Cavs last 21 points to finish the game.,https://twitter.com/tomhaberstroh/status/742565125480173568,twitter.com,https://www.reddit.com/r/nba/comments/4nzma3/haberstroh_lebron_james_and_kyrie_irving_scored/?ref=search_posts,nba,43,8,0,1465905345.0,Knicks,cyph3x,False,False
4nyt4n,"Steph Curry is currently tied with Michael Jordan and Manu Ginobili for #6 in Finals three-pointers made with 42. MJ needed 35 games, Manu 29. Steph did it in 10.",http://bkref.com/tiny/ekpZv,bkref.com,https://www.reddit.com/r/nba/comments/4nyt4n/steph_curry_is_currently_tied_with_michael_jordan/?ref=search_posts,nba,150,56,0,1465893641.0,Jason Kidd,chiphead2332,False,False
4nzsyq,Curry- 22 ppg on 42% with 4.6 TO Kyrie- 28 PPG on 48% with 2.2 TO this series so far,https://www.reddit.com/r/nba/comments/4nzsyq/curry_22_ppg_on_42_with_46_to_kyrie_28_ppg_on_48/,self.nba,https://www.reddit.com/r/nba/comments/4nzsyq/curry_22_ppg_on_42_with_46_to_kyrie_28_ppg_on_48/?ref=search_posts,nba,59,89,0,1465908428.0,Cavaliers,ComptonNWA,True,False
4o017h,"LeBron James Full Highlights in 2016 Finals Game 5 at Warriors - 41 Pts, 16 Rebs, 7 Ast, 3 Blks!",https://www.youtube.com/watch?v=nQV3ePhe-kA,youtube.com,https://www.reddit.com/r/nba/comments/4o017h/lebron_james_full_highlights_in_2016_finals_game/?ref=search_posts,nba,127,12,0,1465912603.0,Clippers,gaspomacho567,False,False
4nzzf8,LeBron - Game Leader for Cavs,https://twitter.com/Durantula_v35/status/742576670876393472,twitter.com,https://www.reddit.com/r/nba/comments/4nzzf8/lebron_game_leader_for_cavs/?ref=search_posts,nba,29,7,0,1465911652.0,,onirapac,False,False
4o01py,Richard Jefferson crashes post game interview. Has a message for Raptor fans.,http://www.sportsnet.ca/basketball/nba/jefferson-crashes-arashs-chat-like-cavaliers-crashed-warriors-night/,sportsnet.ca,https://www.reddit.com/r/nba/comments/4o01py/richard_jefferson_crashes_post_game_interview_has/?ref=search_posts,nba,88,47,0,1465912896.0,Raptors,BismackMyBiyombo,False,False
4nxsxn,Jared Dudley challenges trash talker to 1v1 game for $5000,http://m.bleacherreport.com/articles/2646091-jared-dudley-challenges-trash-talking-fan-to-1-on-1-game-for-5k?utm_source=facebook.com&utm_medium=referral&utm_campaign=programming-national,m.bleacherreport.com,https://www.reddit.com/r/nba/comments/4nxsxn/jared_dudley_challenges_trash_talker_to_1v1_game/?ref=search_posts,nba,100,57,0,1465880372.0,Suns,cyndaquildunkshard,False,False
4nyrzc,"[Warriors PR] Tonight's Game 5 starters: GSW - Curry, Thompson, Iguodala, Barnes, Bogut; CLE - Irving, Smith, James, Love, Thompson.",https://twitter.com/WarriorsPR/status/742515028373299200,twitter.com,https://www.reddit.com/r/nba/comments/4nyrzc/warriors_pr_tonights_game_5_starters_gsw_curry/?ref=search_posts,nba,39,40,0,1465893196.0,[NYK] Kristaps Porzingis,trreeey,False,False
4nz7xg,Curry drains the step back three pointer over a Kevin Love who's draped all over him,https://streamable.com/nerz,streamable.com,https://www.reddit.com/r/nba/comments/4nz7xg/curry_drains_the_step_back_three_pointer_over_a/?ref=search_posts,nba,47,7,0,1465899597.0,Celtics,Agastopia,False,False
4nzooe,"Golden State 2nd Half: 12 for 45 FG, 26.7% from the floor, 3-21 from 3-pt.",https://www.reddit.com/r/nba/comments/4nzooe/golden_state_2nd_half_12_for_45_fg_267_from_the/,self.nba,https://www.reddit.com/r/nba/comments/4nzooe/golden_state_2nd_half_12_for_45_fg_267_from_the/?ref=search_posts,nba,28,28,0,1465906420.0,Cavaliers,TheSportsGuy23,True,False
4nzyrs,"Waste of Talent: Hubie Brown is there, courtside, calling for ESPN radio and we have to suffer through Mark Jackson & JVG",https://www.reddit.com/r/nba/comments/4nzyrs/waste_of_talent_hubie_brown_is_there_courtside/,self.nba,https://www.reddit.com/r/nba/comments/4nzyrs/waste_of_talent_hubie_brown_is_there_courtside/?ref=search_posts,nba,0,37,0,1465911305.0,Cavaliers,tonoville,True,False
4ny4uh,"I just started watching NBA for the first time this year, my favorite team are the Los Angeles Lakers. For those who saw this team play live, how would you say the 08-10 Lakers would do against the current finalists this year?",https://www.reddit.com/r/nba/comments/4ny4uh/i_just_started_watching_nba_for_the_first_time/,self.nba,https://www.reddit.com/r/nba/comments/4ny4uh/i_just_started_watching_nba_for_the_first_time/?ref=search_posts,nba,7,43,0,1465884475.0,,JohnWickLoL,True,False
4nzkfj,Tonight's the first time in history two players on the same team scored 40 in the same finals game,https://www.reddit.com/r/nba/comments/4nzkfj/tonights_the_first_time_in_history_two_players_on/,self.nba,https://www.reddit.com/r/nba/comments/4nzkfj/tonights_the_first_time_in_history_two_players_on/?ref=search_posts,nba,191,27,0,1465904538.0,Rockets,RebeccaBlack2016,True,False
4nzn85,[Gif Request] Curry tries to draw a foul with 6:00 left in the 3rd quarter.,https://www.reddit.com/r/nba/comments/4nzn85/gif_request_curry_tries_to_draw_a_foul_with_600/,self.nba,https://www.reddit.com/r/nba/comments/4nzn85/gif_request_curry_tries_to_draw_a_foul_with_600/?ref=search_posts,nba,146,68,0,1465905756.0,[NBA] LeBron James,Kashmir33,True,False
4nzqx7,Could the lack of Draymond Green and Andrew Bogut be the reason why Curry didn't perform well in Game 5?,https://www.reddit.com/r/nba/comments/4nzqx7/could_the_lack_of_draymond_green_and_andrew_bogut/,self.nba,https://www.reddit.com/r/nba/comments/4nzqx7/could_the_lack_of_draymond_green_and_andrew_bogut/?ref=search_posts,nba,10,28,0,1465907457.0,Celtics,jcarmona24,True,False
4o00r3,Lebron James is leading the Finals in Rebounds/Assists/Blocks/Steals/Minutes and has 1 total point less than Kyrie for the lead in points.,https://www.reddit.com/r/nba/comments/4o00r3/lebron_james_is_leading_the_finals_in/,self.nba,https://www.reddit.com/r/nba/comments/4o00r3/lebron_james_is_leading_the_finals_in/?ref=search_posts,nba,106,41,0,1465912372.0,Cavaliers,ordervs,True,False
4nzk9t,"Kyrie Irving Shoes, game 5.",https://www.reddit.com/r/nba/comments/4nzk9t/kyrie_irving_shoes_game_5/,self.nba,https://www.reddit.com/r/nba/comments/4nzk9t/kyrie_irving_shoes_game_5/?ref=search_posts,nba,17,27,0,1465904463.0,,themattig,True,False
4nyo11,"[Wolfson] Good work from Marc. Word is Bulls won't do if AW not involved. If wanted to move JB, bet Bos. would give up No. 3.",https://twitter.com/DWolfsonKSTP/status/742507249604562946,twitter.com,https://www.reddit.com/r/nba/comments/4nyo11/wolfson_good_work_from_marc_word_is_bulls_wont_do/?ref=search_posts,nba,65,134,0,1465891684.0,Raptors,BismackMyBiyombo,False,False
4nym93,Insiders believe emily austen won't work in sports again,https://www.reddit.com/r/nba/comments/4nym93/insiders_believe_emily_austen_wont_work_in_sports/,self.nba,https://www.reddit.com/r/nba/comments/4nym93/insiders_believe_emily_austen_wont_work_in_sports/?ref=search_posts,nba,0,55,0,1465891005.0,,mysuicidalthoughts,True,False
4nzwak,[NBA.com/Stats] Kyrie Irving joins Wilt Chamberlain as the only players to ever score 40+ on 70% FG% in an NBA Finals game,https://twitter.com/nbastats/status/742575540679380992,twitter.com,https://www.reddit.com/r/nba/comments/4nzwak/nbacomstats_kyrie_irving_joins_wilt_chamberlain/?ref=search_posts,nba,220,14,0,1465910105.0,[SAS] Tim Duncan,slowbacontron,False,False
4nzxgu,"Kyrie Irving Full Highlights in 2016 Finals Game 5 vs Warriors - AMAZING 41 Pts, 17-24 FGM!",https://www.youtube.com/watch?v=6Qg4B9R8K0c,youtube.com,https://www.reddit.com/r/nba/comments/4nzxgu/kyrie_irving_full_highlights_in_2016_finals_game/?ref=search_posts,nba,117,14,0,1465910673.0,Clippers,gaspomacho567,False,False
4nzdie,"DeMarcus Davis on Twitter: ""Fans cheering MVP as Draymond comes out of the restroom. Damn, MVP of taking a leak. https://t.co/XLPNmjdqKF""",https://twitter.com/DeMarcusRFNET/status/742545359566577665,twitter.com,https://www.reddit.com/r/nba/comments/4nzdie/demarcus_davis_on_twitter_fans_cheering_mvp_as/?ref=search_posts,nba,164,23,0,1465901706.0,,athletesunfiltered,False,False
4nzu0s,If Curry wins FMVP i'll be mad as hell.,https://www.reddit.com/r/nba/comments/4nzu0s/if_curry_wins_fmvp_ill_be_mad_as_hell/,self.nba,https://www.reddit.com/r/nba/comments/4nzu0s/if_curry_wins_fmvp_ill_be_mad_as_hell/?ref=search_posts,nba,0,51,0,1465908934.0,Warriors,CmenDmen123,True,False
4nzk8v,LeBron's first 40 point Game of the 2015-2016 Season,https://www.reddit.com/r/nba/comments/4nzk8v/lebrons_first_40_point_game_of_the_20152016_season/,self.nba,https://www.reddit.com/r/nba/comments/4nzk8v/lebrons_first_40_point_game_of_the_20152016_season/?ref=search_posts,nba,76,9,0,1465904455.0,Raptors,RapidRaptors,True,False
4nzc0v,[McMenamin] Andrew Bogut is being helped to the locker room by Festus Ezeli and a team staffer. Keeping his L leg immobilized.,https://twitter.com/mcten/status/742548165908271104,twitter.com,https://www.reddit.com/r/nba/comments/4nzc0v/mcmenamin_andrew_bogut_is_being_helped_to_the/?ref=search_posts,nba,89,80,0,1465901089.0,[NJN] Vince Carter,VinceBarter,False,False
4nzxrx,"Dame names Anthony Davis, when asked if he could play with any other player",https://twitter.com/Dame_Lillard/status/742471569578954753,twitter.com,https://www.reddit.com/r/nba/comments/4nzxrx/dame_names_anthony_davis_when_asked_if_he_could/?ref=search_posts,nba,19,21,0,1465910826.0,,onirapac,False,False
4nzqaf,"Kyrie Irving last three games: 35PTS, 56%FG, 3.6REB, 6AST",https://www.reddit.com/r/nba/comments/4nzqaf/kyrie_irving_last_three_games_35pts_56fg_36reb/,self.nba,https://www.reddit.com/r/nba/comments/4nzqaf/kyrie_irving_last_three_games_35pts_56fg_36reb/?ref=search_posts,nba,82,27,0,1465907178.0,Cavaliers,baws9k,True,False
4nxi1p,There has never been an NBA finals where every game had a double digit margin of victory.,https://www.reddit.com/r/nba/comments/4nxi1p/there_has_never_been_an_nba_finals_where_every/,self.nba,https://www.reddit.com/r/nba/comments/4nxi1p/there_has_never_been_an_nba_finals_where_every/?ref=search_posts,nba,46,16,0,1465876805.0,Thunder,redditvlli,True,False
4ny55g,Famed New Zealand artist spray-painting huge mural of Steven Adams in downtown Oklahoma City,http://newsok.com/article/5503877,newsok.com,https://www.reddit.com/r/nba/comments/4ny55g/famed_new_zealand_artist_spraypainting_huge_mural/?ref=search_posts,nba,68,6,0,1465884586.0,West,urfaselol,False,False
4nzsoy,Flopping suspension,https://www.reddit.com/r/nba/comments/4nzsoy/flopping_suspension/,self.nba,https://www.reddit.com/r/nba/comments/4nzsoy/flopping_suspension/?ref=search_posts,nba,14,24,0,1465908302.0,Bobcats,mcmikechan123,True,False
4nzu7r,Kevin Love dilemma,https://www.reddit.com/r/nba/comments/4nzu7r/kevin_love_dilemma/,self.nba,https://www.reddit.com/r/nba/comments/4nzu7r/kevin_love_dilemma/?ref=search_posts,nba,4,30,0,1465909048.0,[LAL] Kobe Bryant,TheBigMan8799,True,False
4nyw8l,Ron Artest weighing in on Lebron/Draymond.,https://www.reddit.com/r/nba/comments/4nyw8l/ron_artest_weighing_in_on_lebrondraymond/,self.nba,https://www.reddit.com/r/nba/comments/4nyw8l/ron_artest_weighing_in_on_lebrondraymond/?ref=search_posts,nba,16,19,0,1465894884.0,,t_mac1,True,False
4nzmfi,Will Steph Curry be faulted if the Warriors lose the series?,https://www.reddit.com/r/nba/comments/4nzmfi/will_steph_curry_be_faulted_if_the_warriors_lose/,self.nba,https://www.reddit.com/r/nba/comments/4nzmfi/will_steph_curry_be_faulted_if_the_warriors_lose/?ref=search_posts,nba,23,147,0,1465905417.0,Pelicans,T4Gx,True,False
4nzgqb,[Stein] Warriors say Andrew Bogut is out for the night with a sprained left knee and an MRI exam is scheduled for later this evening,https://twitter.com/ESPNSteinLine/status/742556229453549568,twitter.com,https://www.reddit.com/r/nba/comments/4nzgqb/stein_warriors_say_andrew_bogut_is_out_for_the/?ref=search_posts,nba,125,50,0,1465903001.0,[NJN] Vince Carter,VinceBarter,False,False
4nypwi,Does Lebron Talk Trash?,https://www.reddit.com/r/nba/comments/4nypwi/does_lebron_talk_trash/,self.nba,https://www.reddit.com/r/nba/comments/4nypwi/does_lebron_talk_trash/?ref=search_posts,nba,24,84,0,1465892385.0,Lakers,balladopeman,True,False
4nzwls,"[Haberstroh] LeBron James and Kyrie Irving scored or assisted 97 of the Cavs' 112 points tonight, and 60 of the last 64 points.",https://www.reddit.com/r/nba/comments/4nzwls/haberstroh_lebron_james_and_kyrie_irving_scored/,self.nba,https://www.reddit.com/r/nba/comments/4nzwls/haberstroh_lebron_james_and_kyrie_irving_scored/?ref=search_posts,nba,60,10,0,1465910264.0,,BearsNecessity,True,False
4nygeg,[Stein] ESPN sources say Jason Kidd contract extension is DONE: $18 million over three years AFTER coaching the final season on current deal at $5M.,https://twitter.com/ESPNSteinLine/status/742496348885245954,twitter.com,https://www.reddit.com/r/nba/comments/4nygeg/stein_espn_sources_say_jason_kidd_contract/?ref=search_posts,nba,31,18,0,1465888749.0,Magic,dleec,False,False
4nyzcu,"[Anthony]: ""Chants of ""Free Draymond"" inside @OracleArena""",https://twitter.com/LauraAnthony7/status/742527095440445440,twitter.com,https://www.reddit.com/r/nba/comments/4nyzcu/anthony_chants_of_free_draymond_inside_oraclearena/?ref=search_posts,nba,30,9,0,1465896126.0,76ers,geniegnee,False,False
4nznqs,Tonight was LeBron's 174th game in the playoffs with over 20 points,https://www.reddit.com/r/nba/comments/4nznqs/tonight_was_lebrons_174th_game_in_the_playoffs/,self.nba,https://www.reddit.com/r/nba/comments/4nznqs/tonight_was_lebrons_174th_game_in_the_playoffs/?ref=search_posts,nba,31,5,0,1465905988.0,[CLE] J.R. Smith,xorphz,True,False
4nzrtg,The Finals have played out exactly like the Stanley Cup so far,https://www.reddit.com/r/nba/comments/4nzrtg/the_finals_have_played_out_exactly_like_the/,self.nba,https://www.reddit.com/r/nba/comments/4nzrtg/the_finals_have_played_out_exactly_like_the/?ref=search_posts,nba,20,25,0,1465907893.0,Bucks,Cletus_Buckwheat,True,False
4nxyai,What would you give up for Brooke Lopez?,https://www.reddit.com/r/nba/comments/4nxyai/what_would_you_give_up_for_brooke_lopez/,self.nba,https://www.reddit.com/r/nba/comments/4nxyai/what_would_you_give_up_for_brooke_lopez/?ref=search_posts,nba,17,63,0,1465882153.0,Warriors,guppyfighter,True,False
4o056q,Who is the flopping OG?,https://www.reddit.com/r/nba/comments/4o056q/who_is_the_flopping_og/,self.nba,https://www.reddit.com/r/nba/comments/4o056q/who_is_the_flopping_og/?ref=search_posts,nba,36,36,0,1465914809.0,Pacers,venogram,True,False
4nzohj,"[Lloyd] Steve Kerr on failing to close out series at home: ""I like our position a lot better than theirs.""",https://twitter.com/JasonLloydABJ/status/742570059554422786,twitter.com,https://www.reddit.com/r/nba/comments/4nzohj/lloyd_steve_kerr_on_failing_to_close_out_series/?ref=search_posts,nba,102,76,0,1465906335.0,Cavaliers,artdilly,False,False
4nxxq7,"[ESPN Stats & Info] Draymond Green: 7th player in NBA history with 300 pts, 200 reb & 100 ast in a single postseason. The others: LeBron James (2012 & 2015), Tim Duncan (2003), Charles Barkley (1993), Larry Bird (1981, 1984 & 1987), Bill Walton (1977) and Wilt Chamberlain (1967).",https://twitter.com/ESPNStatsInfo/status/742062532949610497,twitter.com,https://www.reddit.com/r/nba/comments/4nxxq7/espn_stats_info_draymond_green_7th_player_in_nba/?ref=search_posts,nba,174,49,0,1465881960.0,,Yehhanyos,False,False
4nzmr6,Lebron and Kyrie just became the first teammates to score 40+ each in a playoff game. Kevin Love has scored 35pts . . . in the entire series.,https://www.reddit.com/r/nba/comments/4nzmr6/lebron_and_kyrie_just_became_the_first_teammates/,self.nba,https://www.reddit.com/r/nba/comments/4nzmr6/lebron_and_kyrie_just_became_the_first_teammates/?ref=search_posts,nba,48,41,0,1465905564.0,Bulls,DavidManque,True,False
4nz7lv,Klay Thompson hits his 6th three of the half,https://streamable.com/xwjk,streamable.com,https://www.reddit.com/r/nba/comments/4nz7lv/klay_thompson_hits_his_6th_three_of_the_half/?ref=search_posts,nba,56,11,0,1465899477.0,Magic,johnkphotos,False,False
4nzpfi,Kyrie Irving was 10-of-15 for 22 points on plays in which he took ball up court and didn't pass (13-of-39 on those plays in Games 1-4),https://twitter.com/ESPNStatsInfo/status/742570775820021762,twitter.com,https://www.reddit.com/r/nba/comments/4nzpfi/kyrie_irving_was_10of15_for_22_points_on_plays_in/?ref=search_posts,nba,31,10,0,1465906762.0,[OKC] Nick Collison,homefree122,False,False
4nztyu,The way LeBron plays.,https://www.reddit.com/r/nba/comments/4nztyu/the_way_lebron_plays/,self.nba,https://www.reddit.com/r/nba/comments/4nztyu/the_way_lebron_plays/?ref=search_posts,nba,13,31,0,1465908908.0,[CLE] LeBron James,mr_antman85,True,False
4nz88h,Lebron blows by Mo Speights and throws down,https://streamable.com/y1te,streamable.com,https://www.reddit.com/r/nba/comments/4nz88h/lebron_blows_by_mo_speights_and_throws_down/?ref=search_posts,nba,119,18,0,1465899700.0,[CLE] Mark Price,HardKnockRiffe,False,False
4ny9gl,What team (other than your own) are you most excited to watch next year?,https://www.reddit.com/r/nba/comments/4ny9gl/what_team_other_than_your_own_are_you_most/,self.nba,https://www.reddit.com/r/nba/comments/4ny9gl/what_team_other_than_your_own_are_you_most/?ref=search_posts,nba,14,67,0,1465886138.0,,Human-Man,True,False
4nyys2,Rondo: The Tension Between Demarcus Cousins and The Coaching Staff This Last Season Was Unlike Anything I Have Ever Seen In The NBA,http://espn.go.com/nba/story/_/id/16185384/rajon-rondo-tension-filled-sacramento-kings-never-jelled-team,espn.go.com,https://www.reddit.com/r/nba/comments/4nyys2/rondo_the_tension_between_demarcus_cousins_and/?ref=search_posts,nba,216,67,0,1465895901.0,Suns,TheLandBeforeBosh,False,False
4nzu5x,LeBron calls Kyrie’s game “One of the greatest performances I’ve seen live.”,https://twitter.com/jadande/status/742581400491036673,twitter.com,https://www.reddit.com/r/nba/comments/4nzu5x/lebron_calls_kyries_game_one_of_the_greatest/?ref=search_posts,nba,237,46,0,1465909020.0,Nuggets,PotRoastBoobs,False,False
4nxncd,Is it taboo to wear the jersey of a player who now plays for a different team?,https://www.reddit.com/r/nba/comments/4nxncd/is_it_taboo_to_wear_the_jersey_of_a_player_who/,self.nba,https://www.reddit.com/r/nba/comments/4nxncd/is_it_taboo_to_wear_the_jersey_of_a_player_who/?ref=search_posts,nba,11,53,0,1465878529.0,,bewareofthegoldfish,True,False
4nzj9v,Tim Donaghy: NBA suspended Draymond Green to prolong Finals,http://www.si.com/nba/2016/06/13/tim-donaghy-draymond-green-suspension-prolong-nba-finals-warriors-cavaliers?xid=si_social,si.com,https://www.reddit.com/r/nba/comments/4nzj9v/tim_donaghy_nba_suspended_draymond_green_to/?ref=search_posts,nba,7,41,0,1465904043.0,NBA,WinkyFaceExpert,False,False
4nznrh,Kevin Love's stats this series: 8.7pts/6reb/.5ast on 37% shooting,https://www.reddit.com/r/nba/comments/4nznrh/kevin_loves_stats_this_series_87pts6reb5ast_on_37/,self.nba,https://www.reddit.com/r/nba/comments/4nznrh/kevin_loves_stats_this_series_87pts6reb5ast_on_37/?ref=search_posts,nba,31,59,0,1465905995.0,Knicks,hahahahaha123667,True,False
4nxz9z,[Pre Game Hype Thread] Cavaliers at Warriors Game 5,https://www.reddit.com/r/nba/comments/4nxz9z/pre_game_hype_thread_cavaliers_at_warriors_game_5/,self.nba,https://www.reddit.com/r/nba/comments/4nxz9z/pre_game_hype_thread_cavaliers_at_warriors_game_5/?ref=search_posts,nba,89,228,0,1465882495.0,Bulls,PrancingDonkey,True,False
4nzfcd,LeBron hits a three for his 36th point of the night with three minutes left in the third,https://streamable.com/17ul,streamable.com,https://www.reddit.com/r/nba/comments/4nzfcd/lebron_hits_a_three_for_his_36th_point_of_the/?ref=search_posts,nba,65,30,0,1465902418.0,Magic,johnkphotos,False,False
4nzoca,The Warriors 36.4% from the field tonight is the 2nd worst shooting game of the season (including playoffs and regular season),https://www.reddit.com/r/nba/comments/4nzoca/the_warriors_364_from_the_field_tonight_is_the/,self.nba,https://www.reddit.com/r/nba/comments/4nzoca/the_warriors_364_from_the_field_tonight_is_the/?ref=search_posts,nba,23,28,0,1465906269.0,[GSW] Calbert Cheaney,swollencornholio,True,False
4nxppr,Who is a player you always forget even plays in the league?,https://www.reddit.com/r/nba/comments/4nxppr/who_is_a_player_you_always_forget_even_plays_in/,self.nba,https://www.reddit.com/r/nba/comments/4nxppr/who_is_a_player_you_always_forget_even_plays_in/?ref=search_posts,nba,10,75,0,1465879291.0,[LAL] Kobe Bryant,yellinkobe,True,False
4nzxu8,Anderson Varejao is trying to turn our sport into soccer..,https://www.reddit.com/r/nba/comments/4nzxu8/anderson_varejao_is_trying_to_turn_our_sport_into/,self.nba,https://www.reddit.com/r/nba/comments/4nzxu8/anderson_varejao_is_trying_to_turn_our_sport_into/?ref=search_posts,nba,11,36,0,1465910857.0,Heat,DevAlexandre,True,False
4o001g,Charles Barkley Calls Draymond Green a Dirty Player,https://www.youtube.com/watch?v=hCJaORSBPis,youtube.com,https://www.reddit.com/r/nba/comments/4o001g/charles_barkley_calls_draymond_green_a_dirty/?ref=search_posts,nba,38,20,0,1465911990.0,Pacers,sub_zero23,False,False
4nzsi3,Will LBJ get an assist for this?,https://twitter.com/oerik14/status/742545348170649600,twitter.com,https://www.reddit.com/r/nba/comments/4nzsi3/will_lbj_get_an_assist_for_this/?ref=search_posts,nba,149,21,0,1465908213.0,Raptors,Brendanliso,False,False
4o028t,"Fans from countries other than the US, how did you become a fan of your team?",https://www.reddit.com/r/nba/comments/4o028t/fans_from_countries_other_than_the_us_how_did_you/,self.nba,https://www.reddit.com/r/nba/comments/4o028t/fans_from_countries_other_than_the_us_how_did_you/?ref=search_posts,nba,9,45,0,1465913183.0,Kings,eradnz69,True,False
4nyyg1,Why are cavs wearing sleeved jerseys when LeBron apparently hates them?,https://www.reddit.com/r/nba/comments/4nyyg1/why_are_cavs_wearing_sleeved_jerseys_when_lebron/,self.nba,https://www.reddit.com/r/nba/comments/4nyyg1/why_are_cavs_wearing_sleeved_jerseys_when_lebron/?ref=search_posts,nba,66,39,0,1465895765.0,[TOR] Tracy McGrady,kobejordan1,True,False
4o09gl,Lebron James' injury history,https://i.reddituploads.com/b93a17e0d1724575b8244911e2768c8d?fit=max&h=1536&w=1536&s=447ba206e4c3a39641345685b6ebebc4,i.reddituploads.com,https://www.reddit.com/r/nba/comments/4o09gl/lebron_james_injury_history/?ref=search_posts,nba,28,23,0,1465917212.0,,GhandiBobandy,False,False
4nzo67,"David J. Chao, MD on Twitter: ""#AndrewBogut @warriors with L knee hyperextension. By video, hoping for more bone bruise than ACL. With only 2 more games, return in doubt.""",https://twitter.com/ProFootballDoc/status/742549611873599488,twitter.com,https://www.reddit.com/r/nba/comments/4nzo67/david_j_chao_md_on_twitter_andrewbogut_warriors/?ref=search_posts,nba,35,14,0,1465906185.0,Cavaliers,timy2loose,False,False
4o05md,"Stephen Curry Full Highlights in 2016 Finals Game 5 vs Cavs - 25 Pts, 7 Rebs, 4 Assists",https://www.youtube.com/watch?v=3L5yoCH5Eto,youtube.com,https://www.reddit.com/r/nba/comments/4o05md/stephen_curry_full_highlights_in_2016_finals_game/?ref=search_posts,nba,0,6,0,1465915061.0,Clippers,gaspomacho567,False,False
